id;time;message;name;email
1;2021-04-07T06:37:34;scalable Ergonomic;index Nakfa Unbranded Granite Shirt;Mozell71@gmail.com
2;2021-04-07T07:04:17;Health mint green;SDD;Reinhold54@yahoo.com
3;2021-04-08T05:34:49;District Persevering Optimized;withdrawal Program Balanced;Hassie.Turcotte0@gmail.com
4;2021-04-08T05:06:52;mesh Solutions;feed unleash;Ferne_Torp@hotmail.com
5;2021-04-07T17:09:04;Streamlined New Hampshire;Chair Fresh;Isaiah_Bradtke72@gmail.com
6;2021-04-07T21:55:48;Automotive solid state South Carolina;Dynamic Steel reciprocal;Linwood_Pouros92@yahoo.com
7;2021-04-07T21:36:34;parsing invoice Utah;Chief Wyoming Wooden;Rhea_Crist@yahoo.com
8;2021-04-07T15:16:30;black card Senior;Versatile synergistic Louisiana;Kaylah61@hotmail.com
9;2021-04-07T14:35:43;Branding Personal Loan Account New Israeli Sheqel;networks;Candice_Grady52@gmail.com
10;2021-04-07T18:30:30;customized Vermont;wireless;Myrtis_Rohan@yahoo.com
