id;name;contact_number;email
1;wireless hack auxiliary;Legacy Analyst protocol;Treva83@gmail.com
2;Kenya Intelligent;hardware 1080p;Sedrick63@gmail.com
3;Maine;bypassing Principal Corner;Jayde85@gmail.com
4;invoice;New Jersey Phased payment;Jeremie_Kertzmann16@gmail.com
5;Shoes Chilean Peso Unidades de fomento Computers;programming;Margie.Kshlerin18@gmail.com
6;Incredible Toys;Steel system;Jalen_Baumbach79@hotmail.com
7;Philippines payment;calculating Avon;Max_Kris14@gmail.com
8;Officer backing up;invoice;Alexie_Boyer@hotmail.com
9;Tasty;back-end Ergonomic;Maud.Braun@hotmail.com
10;Jewelery toolset;Awesome Granite Mouse;Emmy_Kuhn84@gmail.com
