id;gateway_id;payment_date;bank_txn;txn_token;response_timestamp;checksum;txn_amount;bank_name;response_code;response_message;result;email
1;circuit Slovenia;2021-04-07;Ergonomic Steel Chicken International Saint Helena Pound;Multi-tiered cyan;2021-04-08T05:53:28;EXE Rest;82278;Cheese;disintermediate;Avon;compelling;Everette59@hotmail.com
2;Producer Avon Checking Account;2021-04-08;Total SCSI Programmable;Latvian Lats Plastic;2021-04-07T22:02:12;quantifying cross-media Papua New Guinea;78460;quantify;THX Creative;cross-platform;Interactions multi-state;Malinda.Lubowitz93@hotmail.com
3;Table Buckinghamshire CFP Franc;2021-04-07;calculating Guyana Product;Bedfordshire Future;2021-04-07T11:39:22;Credit Card Account vortals Auto Loan Account;82622;payment Minnesota foreground;Ergonomic Plastic Chips sensor bandwidth;Operations calculating;Tactics;Abagail.Murphy97@hotmail.com
4;SMTP synergies;2021-04-08;Electronics;Games invoice;2021-04-07T14:15:37;User-friendly Towels;66913;infomediaries;concept;Producer Administrator;SCSI service-desk;Orion.Bayer11@hotmail.com
5;Rapid Assistant auxiliary;2021-04-07;recontextualize;connecting Refined Cotton Bacon;2021-04-07T09:40:12;salmon Tennessee;4922;channels;Home Loan Account white cross-platform;Lead;Handcrafted;Kyle_Medhurst62@yahoo.com
6;Metal communities;2021-04-08;Solutions Fields;Practical Metal Sausages grey port;2021-04-07T06:48:54;Auto Loan Account vortals;79459;SSL Engineer;eyeballs;parse Borders;Intelligent;Destinee.Kulas5@gmail.com
7;Generic Frozen Shirt relationships Fresh;2021-04-07;payment French Southern Territories application;Florida;2021-04-07T16:03:41;Nigeria;5463;Ergonomic Granite Shoes;Jewelery;black relationships;solutions Hong Kong Dollar capacitor;Tavares68@yahoo.com
8;Michigan;2021-04-07;Colorado Pants;Cameroon exploit;2021-04-07T22:44:01;zero tolerance Accounts HDD;48319;Generic Fresh Chair;Bedfordshire Chilean Peso Unidades de fomento;Function-based;Plaza program International;Jovani.Mann73@hotmail.com
9;Lari Creative;2021-04-07;interactive;Kansas;2021-04-07T09:25:49;Marketing Cambridgeshire panel;37946;contextually-based;Investment Account Saint Helena Supervisor;Practical Cambridgeshire;bypassing;Laila48@yahoo.com
10;Bedfordshire Taka;2021-04-07;array;Zimbabwe Dollar;2021-04-07T09:13:09;multi-byte Pizza customized;3030;Keyboard index;Agent solutions;Exclusive hacking;Supervisor;Loyal.Becker40@gmail.com
