id;name;message;review_date;rating;designation
1;Sports Liaison auxiliary;Small;2021-04-08T05:03:18;57574;frictionless Corporate
2;Kids Buckinghamshire;Mall array;2021-04-07T18:02:23;98055;Buckinghamshire
3;Cheese;Reactive calculating red;2021-04-07T09:20:42;28327;compressing installation Dale
4;redefine background Exclusive;utilize RAM Unbranded Concrete Hat;2021-04-07T10:21:50;8790;Intelligent Soft Sausages fuchsia Nebraska
5;Engineer Niue Computers;Handmade Fresh Shoes Tennessee Automotive;2021-04-07T14:51:34;57234;indexing
6;capacitor;Salad Intelligent Wooden Soap wireless;2021-04-08T00:58:41;28601;card Applications Avon
7;Ergonomic;Corporate International;2021-04-07T19:38:08;28907;transition
8;Mouse conglomeration Rupiah;Quality back-end extend;2021-04-07T06:33:12;45675;lavender Auto Loan Account Steel
9;olive Representative USB;Libyan Dinar;2021-04-07T23:14:20;36993;deposit program
10;invoice sticky;hard drive;2021-04-07T08:15:00;76935;United States Minor Outlying Islands
